Year,conventional,organic
2015,1.0125,1.5023076923076923
2016,1.0467307692307692,1.4803846153846154
2017,1.221698113207547,1.6515094339622642
2018,1.06,1.5541666666666665
